iso3,country,year,agricultural_land_ha,co2_fossil_industry_t,co2_landuse_change_t,agricultural_land_pct,forest_land_pct,pesticide_use_per_cropland_kg_ha,transport_ghg_emissions_mtco2e,total_species_count,endemic_species_small_range,species_high_extinction_risk,pct_households_irrigation,pct_households_fertilizer,freshwater_resources_per_capita,hazardous_waste_generated_kt,so2_emissions_per_capita,nox_emissions_per_capita,climatological_disasters_count
AFG,Afghanistan,2023,38116000.0,,,58.4395075356853,1.85278199408184,,5.42,4667.0,17.0,49.0,,,,,0.5528344171573637,2.0452691189897907,2.0
ALB,Albania,2023,1044600.0,,,38.1240875912409,28.7919708029197,0.44,1.81,16505.0,31.0,165.0,,,11819.51693785963,,0.5400597778666626,16.367186642971543,1.0
DZA,Algeria,2023,41344700.0,,,17.359031632336,0.830314224054683,0.71,44.25,9943.0,47.0,137.0,,,339.90569041501,325100.0,1.4702548186119828,9.030598889165145,3.0
AND,Andorra,2023,18740.8,,,39.8740425531915,34.0425531914894,21.55,,25302.0,0.0,259.0,,,5325.745798246992,1195.4,,,
AGO,Angola,2023,46063000.0,,,36.9479425683805,52.0912696719339,0.01,7.26,7872.0,89.0,73.0,,16.9100083633756,,,,7.739147165621738,2.0
ATG,Antigua and Barbuda,2023,9000.0,,,20.4545454545455,18.0134090909091,36.59,0.24,6906.0,4.0,157.0,,,,,3.608890731974903,2.9789752587574654,
ARG,Argentina,2023,116136344.0,,,42.4367915620695,10.3212951412107,6.33,48.39,20209.0,624.0,716.0,,,,930849.83,2.859045922628824,24.12227194378816,5.0
ARM,Armenia,2023,1652300.0,,,58.5933621376878,11.6183158247114,2.01,2.46,7423.0,80.0,104.0,,,1483.9092708998255,24992653.1,10.231061640764937,5.982107545177719,1.0
AUS,Australia,2023,363243680.0,,,47.2234443228177,17.4213145571644,5.81,90.03,80856.0,11533.0,5540.0,,,,,81.44336870677861,116.56853243466352,11.0
AUT,Austria,2023,2597263.0,,,31.4743456131847,47.2402653902084,3.79,22.9,40926.0,221.0,806.0,,,,1287107.0,1.2147419520952405,13.59104428643275,
AZE,Azerbaijan,2023,4779600.0,,,57.8294010889292,14.1119540229885,0.23,7.89,7789.0,8.0,84.0,,,1614.6948377039605,245221.8,,0.4317470514914486,1.0
BHS,Bahamas,2023,13000.0,,,1.2987012987013,50.9350649350649,16.19,0.45,14798.0,128.0,321.0,,,,,,,
BHR,Bahrain,2023,8100.0005,,,10.125,0.95,4.31,3.61,1950.0,0.0,27.0,,,,92481.1406,40.62587928697068,78.2424341823139,
BGD,Bangladesh,2023,9399000.0,,,72.311124788429,14.4899215263887,1.76,12.02,7131.0,14.0,89.0,,,9478.97859623402,10867838.91,,0.0275393549408785,1.0
BRB,Barbados,2023,10000.0,,,23.2558139534884,14.6511627906977,8.55,0.36,4770.0,13.0,72.0,,,,,0.1864398563667346,0.1864398563667346,1.0
BLR,Belarus,2023,8034000.0,,,39.5796692333841,43.4080686559958,0.86,10.66,18818.0,1.0,204.0,,,3946.084008848961,2022248.0,0.5445433402623678,0.2476260104979609,
BEL,Belgium,2023,1353300.0,,,44.3792221420607,22.604446776415,5.42,23.59,44232.0,67.0,664.0,,,2171.357321909443,3945579.0,2.0160182804974296,12.131756645175509,
BLZ,Belize,2023,182000.0,,,7.97895659798334,54.5186321788689,11.33,0.47,18640.0,106.0,269.0,,,45708.56736129219,775.0,2.62793845665637,0.0955630094702942,
BEN,Benin,2023,4716752.5,,,41.8300133025896,26.4734835047889,1.71,4.36,8064.0,70.0,117.0,4.45028436722116,53.7925956713085,,1698.0,2.021569917990967,3.635330342439088,1.0
BTN,Bhutan,2023,527000.0,,,13.8175144205558,71.60513896172,1.34,0.4,7798.0,50.0,112.0,,,,358.6300048828125,1.7935277336915876,2.994852913805764,1.0
BOL,Bolivia,2023,38815400.0,,,35.8307014677375,46.3457431920982,2.71,11.51,22699.0,648.0,455.0,,,,,1.4373499543255324,1.4802331976777263,6.0
BIH,Bosnia and Herzegovina,2023,1113000.0,,,21.73828125,42.7326171875,6.13,4.26,19806.0,8.0,190.0,,,7957.59343083516,9943.0,148.18618387837705,22.687419624790284,2.0
BWA,Botswana,2023,25862000.0,,,45.63372328975,26.2908263194114,4.85,2.22,8932.0,42.0,78.0,,1.83168718836973,,,,3.693074545281669,3.0
BRA,Brazil,2023,236758800.0,,,28.3267329812614,58.9818729765235,12.63,207.79,59191.0,5194.0,3031.0,,,36535.55980360752,,,12.498932254457351,6.0
BRN,Brunei,2023,13400.0,,,2.5426944971537,72.1062618595825,16.69,1.19,10079.0,27.0,149.0,,,,,,,1.0
BGR,Bulgaria,2023,5002990.0,,,46.0850221075903,36.2196020633751,0.95,9.86,16451.0,49.0,164.0,,,12124.083068897276,13951855.0,46.541803843300606,16.70217282362365,1.0
BFA,Burkina Faso,2023,14610789.0,,,53.4020054824561,22.172514619883,0.45,3.16,5261.0,6.0,43.0,4.69246850104526,64.0740832815413,,18.3,0.2017058349214505,2.0251916490097246,3.0
BDI,Burundi,2023,2154206.8,,,83.8865576323987,10.8894080996885,0.03,0.67,7300.0,41.0,120.0,,,1366.0821927703416,,,2.011409145552451,4.0
KHM,Cambodia,2023,6154340.0,,,34.8648294810786,43.0619759800589,4.15,7.08,11117.0,46.0,125.0,,,,,2.489847499021361,2.0633075066138136,1.0
CMR,Cameroon,2023,9896900.0,,,20.9365149880476,42.6741130925938,1.25,3.65,11183.0,355.0,238.0,17.9028027534248,,,8716.599609375,0.4582881210278695,7.267140204870503,1.0
CAN,Canada,2023,56875000.0,,,6.47137801950231,39.4617117321106,2.5,162.04,45433.0,1452.0,2260.0,,,,,,,6.0
CPV,Cape Verde,2023,79000.0,,,19.6029776674938,11.5682382133995,0.09,0.23,2499.0,117.0,100.0,,,-1321.8087509913084,3548.929,,4.734012490132609,2.0
CAF,Central African Republic,2023,5668800.0,,,9.09948955022633,35.6560403223217,0.1,0.23,5621.0,15.0,31.0,0.407740635956668,,,,,0.0674380834096695,2.0
TCD,Chad,2023,50337300.0,,,39.9756194409149,3.16103105146125,0.01,0.83,3506.0,1.0,17.0,3.1999160207594,4.69572857263716,,,0.1219799242916878,1.5655492352195244,2.0
CHL,Chile,2023,10697537.0,,,14.4010249751882,25.0116461113584,9.23,28.47,11566.0,951.0,825.0,,,,,19.632372757346783,16.140854017928596,8.0
CHN,China,2023,520413000.0,,,55.4326117545304,24.0319389958256,1.71,996.35,48825.0,2536.0,2084.0,,,,72818100.0,,,10.0
COL,Colombia,2023,40483000.0,,,36.4876070301938,52.7661596214511,3.89,35.68,47834.0,2436.0,2034.0,,,,,3.3941714879280336,7.890730365631885,2.0
COM,Comoros,2023,133000.0,,,71.4669532509404,16.9801182160129,0.34,0.23,5052.0,47.0,56.0,,0.898587933247754,,,0.2470697345106636,1.1468460810868115,
COG,Congo,2023,10651400.0,,,31.1900439238653,64.1317715959004,4.38,1.24,8101.0,46.0,50.0,,,,,,3.6022887243712813,
CRI,Costa Rica,2023,1692332.6,,,33.1439992166079,60.3991382687035,17.36,5.84,37811.0,3621.0,2937.0,,,22187.56912941633,,1.1417564828815392,5.926540094132525,2.0
CIV,Cote d'Ivoire,2023,27499310.0,,,86.4758163522013,7.85551603773585,0.0,5.16,7877.0,58.0,84.0,9.23141407626125,26.070899469128,,,247.92672713991053,16.786732950621104,
HRV,Croatia,2023,1486000.0,,,26.554681915654,34.785739814153,1.29,6.32,27472.0,67.0,351.0,,,26534.15648600743,186956.0,1.4279836788593585,0.4609644284278394,1.0
CUB,Cuba,2023,6401000.0,,,61.6666666666667,31.233140655106,0.22,1.2,16331.0,860.0,720.0,,,5902.504176861708,235498.0,55.58291748752463,7.484153096021452,1.0
CYP,Cyprus,2023,128996.305,,,13.9606385281385,18.6655844155844,6.5,1.96,6827.0,76.0,104.0,,,398.8072492812292,32303.0,7.972827991645958,9.668054489911496,1.0
CZE,Czechia,2023,3534414.0,,,45.8019594048309,34.7623883740408,1.78,19.35,36133.0,8.0,525.0,,,1041.3301708928432,1759507.0,6.553584089315327,13.409646219737986,
COD,Democratic Republic of Congo,2023,35095664.0,,,15.480763018019,54.1898572594341,0.1,2.33,13566.0,266.0,306.0,23.049977044123,,,,0.0004245758964442,14.580680592381425,2.0
DNK,Denmark,2023,2621000.0,,,65.525,15.7815,1.38,11.52,44125.0,90.0,775.0,,,,1369108.0,1.631030882282488,16.002811700378714,
DJI,Djibouti,2023,1703900.0,,,73.5073339085419,0.260724762726488,34.16,0.11,2715.0,5.0,22.0,31.4491839612816,6.47847102216412,,,,2.633837989698767,1.0
DMA,Dominica,2023,25000.0,,,33.3333333333333,63.8266666666667,,0.05,7481.0,33.0,257.0,,,,768.0,3.086638254491908,8.920101377660101,
DOM,Dominican Republic,2023,2667909.0,,,55.3530808941944,44.9887775472934,1.31,8.22,11302.0,408.0,540.0,,,,,0.1121440373975107,0.7557093691291712,1.0
TLS,East Timor,2023,341400.0,,,22.9589778076664,61.6610625420309,0.79,0.32,6381.0,10.0,58.0,,,,,0.3604931907342435,1.640244017840808,1.0
ECU,Ecuador,2023,5350000.0,,,21.5413110001611,49.5450958286359,14.62,19.64,32315.0,1822.0,1445.0,,,11757.860495922465,14928.1029,13265.183905053207,14.819214999206094,3.0
EGY,Egypt,2023,4058000.0,,,4.07654829474107,0.0451855944547692,2.87,56.41,6415.0,38.0,99.0,,,614.4356750699291,,1.9391295772329424,5.2886796568001495,
SLV,El Salvador,2023,1195700.0,,,57.707528957529,27.5279922779923,3.16,4.04,15996.0,23.0,212.0,,,2539.2247169193697,1428520.0,,6.521677348316063,2.0
GNQ,Equatorial Guinea,2023,104720.0,,,3.73333333333333,86.3935828877005,0.78,0.45,8610.0,17.0,63.0,,,,,,,
ERI,Eritrea,2023,7592000.0,,,62.6515330315189,8.63010013352237,0.04,0.23,3360.0,0.0,31.0,,,,,,1.4737085965254078,1.0
EST,Estonia,2023,988000.0,,,23.1219283875497,57.0652937046572,0.99,2.45,29633.0,61.0,602.0,,,15706.269155711656,1592190.0,12.197754055886104,22.948032358576203,
SWZ,Eswatini,2023,1195000.0,,,69.4767441860465,29.1389534883721,6.21,0.79,10512.0,20.0,100.0,,,,,2.1749142264070285,21.90372203406264,2.0
ETH,Ethiopia,2023,38456932.0,,,34.0779564851996,14.9308975782695,0.22,7.31,6521.0,144.0,101.0,8.55998617903885,69.3714898568545,,,0.0916100796227597,0.5497889035717185,3.0
FJI,Fiji,2023,311600.0,,,17.0552818828681,63.4953475643131,4.42,0.54,4418.0,278.0,79.0,,,,14.937,0.0391845947072061,14.048790507957314,1.0
FIN,Finland,2023,2262000.0,,,7.44176865377023,73.7235162521384,1.45,10.26,37089.0,276.0,1001.0,,,20748.680578414325,3272912.0,4.311805489832249,17.605072816645436,
FRA,France,2023,28297244.0,,,52.5043974394656,32.4764820484275,3.65,122.05,88726.0,3500.0,3699.0,,,3676.477644288136,11240840.0,1.9044806653630904,12.457591585886744,3.0
GUF,French Guiana,2023,42004.0,,,,,,,,,,,,,2281.0,,,
GAB,Gabon,2023,2153236.0,,,8.35656459812939,91.1823650405558,1.93,0.18,9364.0,200.0,145.0,,,,,6.2300893006542,6.124494566744807,
GMB,Gambia,2023,634000.0,,,62.6482213438735,22.2792391304348,1.24,0.08,3704.0,13.0,25.0,9.47491142539048,47.8093478868473,7007.818250700894,,2300.9202342248814,2.9156687217501904,1.0
GEO,Georgia,2023,2371900.0,,,34.1329687724852,40.6159159591308,6.8,4.27,10234.0,62.0,146.0,,,10175.587756912611,,4.931609709225929,14.51908320845225,1.0
DEU,Germany,2023,16586000.0,,,47.4658729931603,32.6789342643734,3.41,151.33,56172.0,300.0,1217.0,,,1393.0925443046438,23415024.0,3.0495218853938924,11.57961758603298,
GHA,Ghana,2023,12603740.0,,,55.393019913595,35.1921958573042,1.31,10.34,8483.0,57.0,118.0,7.89214074317659,31.7329825715225,,,0.0259351569206669,2.596627910897175,
GRC,Greece,2023,5372038.5,,,41.6760178432894,30.2699767261443,1.46,16.37,20056.0,713.0,495.0,,,,552386.0,7.100532794098552,19.93577333325836,5.0
GRL,Greenland,2023,243110.0,,,0.592301132902911,0.0005359970763795,,,2827.0,42.0,78.0,,,,,,,
GRD,Grenada,2023,8000.0,,,23.5294117647059,52.0588235294118,18.46,0.1,7407.0,6.0,138.0,,,,,,,1.0
GTM,Guatemala,2023,4612000.0,,,43.0384471817842,32.5961179544606,4.74,10.54,23068.0,174.0,484.0,,,,15563.6298828125,3.992660980871452,7.095815616765632,2.0
GIN,Guinea,2023,17993890.0,,,73.2292487384014,24.6988442129253,0.02,2.4,6803.0,72.0,86.0,7.39485839732484,14.9109669486663,,,0.0617840202939676,2.5483163819732098,1.0
GNB,Guinea-Bissau,2023,840530.5,,,29.8908428165007,69.5124466571835,0.13,0.11,3814.0,6.0,17.0,9.18809287015386,7.2668295231968,,,,4.537625009640847,1.0
GUY,Guyana,2023,720000.0,,,3.41005967604433,87.0878369802027,3.63,1.04,15296.0,205.0,343.0,,,,,9.252591731401283,20.11432985087236,1.0
HTI,Haiti,2023,1795000.0,,,65.1306240928882,12.2630624092888,0.86,1.43,10357.0,62.0,332.0,,,,,1.5884527207224068,1.7182894305899967,2.0
HND,Honduras,2023,3576000.0,,,31.9599606756636,56.2732147645008,5.99,4.72,22423.0,164.0,417.0,,,,,0.0582439480322971,5.091747246402401,4.0
HUN,Hungary,2023,5083046.0,,,55.6985097523559,22.4484341442034,1.5,13.98,26682.0,18.0,319.0,,,10690.492613075496,575967.0,1.4351673403680454,11.20680693286853,1.0
ISL,Iceland,2023,1638000.0,,,16.2451651294258,0.528744421303184,0.01,0.9,3369.0,18.0,72.0,,,535323.44061937,41459.0,164.08089650805695,52.50212186067894,
IND,India,2023,178571000.0,,,60.0604064994165,24.5390304689576,0.24,302.98,20793.0,966.0,724.0,,,,8639229.0,,,7.0
IDN,Indonesia,2023,55122204.0,,,29.1258057551148,47.7220336902463,6.68,140.72,27489.0,1366.0,813.0,,,,,,0.4003048084488776,4.0
IRN,Iran,2023,47067000.0,,,29.008936825886,6.64923611710324,0.33,138.19,9191.0,197.0,178.0,,,,,2.1251109569960245,9.154661713108208,1.0
IRQ,Iraq,2023,9477400.0,,,21.8307880128072,1.90035242899592,0.1,34.39,4157.0,12.0,42.0,,,1043.774088945705,21677.0,182.32634138944613,,1.0
IRL,Ireland,2023,4189000.0,,,60.8070837567136,11.5259108724053,5.16,10.88,23758.0,35.0,380.0,,,11561.638900498763,886987.0,2.3638409689518283,20.03110313868077,
ISR,Israel,2023,536700.0,,,24.8012939001848,6.46950092421442,17.09,17.82,7858.0,105.0,242.0,,,,,3.3670039068113247,8.334263990476124,2.0
ITA,Italy,2023,13087557.0,,,44.2565839307453,32.8944947923712,4.17,100.72,50458.0,633.0,1364.0,,,,9962282.0,1.3278739336070204,10.344157816583175,5.0
JAM,Jamaica,2023,417000.0,,,38.5041551246537,56.190757156048,8.73,2.38,10488.0,394.0,318.0,,,4025.182481751825,10000.0,5.626066102582291,15.47080215950865,1.0
JPN,Japan,2023,4607000.0,,,12.6368303066246,68.3957811364628,10.61,188.12,29339.0,2332.0,1719.0,,,,,2.6996895046523943,8.357323427708952,1.0
JOR,Jordan,2023,1024000.0,,,11.5323107417168,1.09804716534901,2.26,8.14,6669.0,7.0,109.0,,,66.82104187418376,75715.0,6.522288244071019,7.833918090373958,2.0
KAZ,Kazakhstan,2023,214265700.0,,,79.3664851650183,1.31214516427751,0.3,23.41,10997.0,77.0,172.0,,,5800.092585864549,42090227.6,43.69274101241586,4898.361206778148,2.0
KEN,Kenya,2023,28768666.0,,,49.5263223856783,6.21662477880402,0.69,11.1,13123.0,315.0,432.0,6.6890712916849,50.4968660505575,,38347.1992,3.4653254750743527,4.23500126716948,4.0
KIR,Kiribati,2023,34000.0,,,41.9753086419753,1.45679012345679,0.98,0.03,2541.0,9.0,37.0,,,,,,3.193757499869568e-06,1.0
KWT,Kuwait,2023,150000.0,,,8.41750841750842,0.350729517396184,,16.49,1973.0,9.0,25.0,,,11.168358004078929,,192.24928042118864,68.10084228085992,
KGZ,Kyrgyzstan,2023,10358844.0,,,54.0085714285714,7.14337851929093,0.42,1.66,4974.0,60.0,164.0,,,5456.523684031705,12648247.0,5.636687618423037,5.838133573625057,1.0
LAO,Laos,2023,2287200.0,,,9.90987868284229,71.4558058925477,0.12,2.54,14918.0,100.0,209.0,,,,,0.298350403730018,1.4767406775819132,1.0
LVA,Latvia,2023,1971000.0,,,31.6728266109593,54.9959826450265,1.22,3.21,26810.0,15.0,454.0,,,14088.968606102562,141420.0,1.9257103654920715,17.683591890070822,1.0
LBN,Lebanon,2023,674213.8,,,65.9055522971652,14.1867057673509,6.62,7.35,6380.0,24.0,147.0,,,851.8549453088349,100492.0,20.126784706823045,14.995731450752036,1.0
LSO,Lesotho,2023,2360748.0,,,77.7584980237154,1.13702239789196,1.53,0.42,8879.0,3.0,92.0,,,,282.279,,2.7131239446350794,3.0
LBR,Liberia,2023,1923040.0,,,19.9651162790698,78.1422342192691,1.49,0.37,5719.0,33.0,55.0,5.43925033588644,3.0891744275048,,,,21.33268249536416,
LBY,Libya,2023,15350000.0,,,8.72387101174171,0.123327687918433,0.84,17.38,3296.0,1.0,33.0,,,,,,,
LIE,Liechtenstein,2023,5170.0,,,32.3125,41.875,,,32971.0,0.0,440.0,,,,8603.966,,,
LTU,Lithuania,2023,2873000.0,,,45.8945686900959,35.2301501597444,1.29,6.26,23621.0,4.0,320.0,,,3027.941054438076,257581.0,4.022033982527229,18.2974290017598,1.0
LUX,Luxembourg,2023,132998.2,,,51.6606200912036,34.4538272103664,1.85,5.12,35680.0,25.0,438.0,,,2903.842006346859,250145.0,1.180764266711274,21.064773265792034,
MDG,Madagascar,2023,40895000.0,,,70.2904778274321,21.2962600550017,0.2,1.45,15965.0,2862.0,1416.0,57.0871359911579,11.1039854863621,17341.171336947707,45957.0,3.082503295252755,1.649990260802472,4.0
MWI,Malawi,2023,6050000.0,,,64.1705557912601,22.4406024607552,0.48,1.42,8977.0,190.0,103.0,1.31778067738424,76.4258339016515,,,,2.695549162989402,2.0
MYS,Malaysia,2023,8571000.0,,,26.0873535230558,57.7190381981434,3.65,50.57,19662.0,1029.0,721.0,,,,7505195.76,,0.0362989556860254,1.0
MDV,Maldives,2023,5900.0,,,19.7986577181208,2.75167785234899,23.67,0.99,2274.0,20.0,27.0,,,,,,,
MLI,Mali,2023,43279490.0,,,35.4694668863046,10.896663634352,0.0,4.2,4358.0,7.0,25.0,20.9879417735583,50.7117559575276,732.426846849757,,0.2419223506865798,0.5827496163371549,2.0
MLT,Malta,2023,8291.0,,,25.909375,1.4375,12.74,0.65,5818.0,16.0,73.0,,,195.28721981393213,41546.0,0.6038747307493653,9.09628983335022,
MHL,Marshall Islands,2023,7000.0,,,38.8888888888889,52.2222222222222,,0.1,1996.0,77.0,12.0,,,,,5.397043395326657,11.167381974248928,2.0
MRT,Mauritania,2023,39710000.0,,,38.5272145144077,0.287611138061512,1.52,0.0,4216.0,20.0,56.0,,,,,0.0328490006718076,3.9199047074823103,3.0
MUS,Mauritius,2023,85957.4,,,43.043264897346,19.4742113169755,7.13,1.06,3912.0,115.0,113.0,,,2352.5798042010915,21576.0,7.855173034590551,11.201872325103723,1.0
MEX,Mexico,2023,98545416.0,,,50.6933879986625,33.5959176419147,1.53,108.57,66986.0,5008.0,3330.0,,,,,,,2.0
FSM,Micronesia (country),2023,5000.0,,,7.14285714285714,92.1571428571429,6.13,0.09,3959.0,92.0,78.0,,,,,2.860041700796783,11.684693573609351,2.0
MDA,Moldova,2023,2440000.0,,,74.096568478591,11.7370179167932,3.27,2.28,12332.0,0.0,102.0,,,2321.598242821358,5015.17,5.365159887448661,8.918724238173949,2.0
MNG,Mongolia,2023,107467240.0,,,68.9555729589301,9.09172405879304,4.45,2.84,5639.0,26.0,53.0,,,,223018.8,,1.2650344891701586,2.0
MNE,Montenegro,2023,263520.0,,,19.5925650557621,61.4869888475836,6.02,0.91,16049.0,32.0,148.0,,,,343884.0,63.5222378194818,16.229499285332857,1.0
MAR,Morocco,2023,29788266.0,,,66.7449381581896,12.9371068787811,1.56,19.0,14578.0,250.0,368.0,,,369.24452739689104,289284.0,19.065639944671155,9.796666373470666,1.0
MOZ,Mozambique,2023,41512332.0,,,52.7891502835779,45.8130349195046,0.54,4.26,15624.0,169.0,246.0,28.7430834583445,,,,,,4.0
MMR,Myanmar,2023,12997332.0,,,19.9140944121838,42.4023779245254,0.94,5.2,20165.0,86.0,359.0,,,,875.0,,0.0005352407953343,
NAM,Namibia,2023,38812000.0,,,47.142562159142,7.80511120018463,1.46,1.97,9584.0,141.0,204.0,,,,,5.739086390098865,21.69269351119938,2.0
NRU,Nauru,2023,400.0,,,20.0,0.0,16.89,0.02,1119.0,1.0,4.0,,,3419.4333672362613,,18.36557206982544,14.959495261845388,
NPL,Nepal,2023,3744100.0,,,26.1185908615277,41.5907220090687,0.6,4.48,7830.0,123.0,132.0,,,,,3.17445744658589,2.7985348542270345,1.0
NLD,Netherlands,2023,1803000.0,,,53.5491535491536,11.0574428274428,6.95,25.86,44198.0,227.0,737.0,,,4616.74165881593,5021596.0,1.1781180583654134,10.807945491181831,
NCL,New Caledonia,2023,184030.0,,,10.0672866520788,45.8271334792123,26.06,,12481.0,1750.0,667.0,,,,,,,
NZL,New Zealand,2023,9711000.0,,,36.8804830807793,37.7892841137822,8.93,14.99,18977.0,2136.0,1505.0,,,,,14.153286726457122,32.197919781001815,1.0
NIC,Nicaragua,2023,5091000.0,,,42.3051354495596,25.8229183978727,8.36,2.48,27797.0,83.0,710.0,,,,,0.0377974359810901,13.849776278965766,2.0
NER,Niger,2023,46598500.0,,,36.7873213862793,0.822957290597616,0.0,1.29,4109.0,1.0,21.0,0.997270038594223,12.2138461784856,,554000.0,126.67017981058572,1.5759897954660744,4.0
NGA,Nigeria,2023,69398210.0,,,76.1972932793131,23.2078900271199,1.09,58.98,10366.0,91.0,94.0,3.92595068887285,37.8379457258334,,,1.5528964592064562,8.214004955276256,1.0
PRK,North Korea,2023,2595300.0,,,21.5538576530189,49.5507017689561,,4.45,9858.0,0.0,177.0,,,,,59.30577957104438,6.813308491182122,3.0
MKD,North Macedonia,2023,1251000.0,,,49.6034892942109,39.7101506740682,0.21,2.3,13912.0,25.0,123.0,,,3889.5609696338606,418177.0,99.4777881177888,16.46404789441557,1.0
NOR,Norway,2023,982000.0,,,2.69580256403217,33.5009745518434,0.78,13.65,42514.0,469.0,1049.0,,,45219.44152096197,1865604.0,2.7322602093801924,26.55946056894985,
OMN,Oman,2023,1471730.0,,,4.75518578352181,0.0076226171243941,3.41,10.71,4322.0,89.0,99.0,,,706.1835099827987,689438.3,1.5709248115821144,0.1014701063481188,
PAK,Pakistan,2023,35995000.0,,,46.6933893731839,4.67242631797426,0.86,57.54,6996.0,118.0,138.0,,,,,,,2.0
PLW,Palau,2023,4300.0,,,9.34782608695652,90.5434782608696,10.8,0.14,4861.0,124.0,73.0,,,,,0.3757661006731638,0.2627348538129207,1.0
PSE,Palestine,2023,391200.0,,,64.9294605809129,1.68298755186722,11.91,,6391.0,7.0,128.0,,,,4572.0,,,
PAN,Panama,2023,2189966.2,,,29.522326772715,56.3439727689404,14.46,5.05,32359.0,753.0,1401.0,,,27166.15822606701,3094.699951171875,0.042899575723196,11.117590047034437,2.0
PNG,Papua New Guinea,2023,1405000.0,,,3.10250408514773,78.9541359360509,1.0,1.68,18962.0,1236.0,1000.0,,,,,6.460618403215091,3.2715853747391974,1.0
PRY,Paraguay,2023,21427000.0,,,54.1069421552674,38.5449252640128,3.98,8.07,12475.0,64.0,177.0,,,,,0.0426270456637146,9.681797583434426,2.0
PER,Peru,2023,24385560.0,,,19.05121875,56.103020234375,1.71,22.14,31935.0,1262.0,1051.0,,,77653.45655800469,2093460.1189,5.167871662067706,5.805108755647728,1.0
PHL,Philippines,2023,12722600.0,,,42.6689472448603,24.4600731126539,3.36,32.63,16960.0,813.0,403.0,,,,4823160.5886,6.725202559088222,4.646466252413471,2.0
POL,Poland,2023,14580000.0,,,47.6050543637967,31.0804192379273,1.73,68.13,36330.0,24.0,477.0,,,1087.5804755048798,2254848.0,10.223767252948496,15.409188459661722,1.0
PRT,Portugal,2023,3969959.8,,,43.33752194189,36.154994891142,4.35,15.84,25224.0,691.0,784.0,,,2422.2440453532854,935261.0,3.989714452240869,13.067505826980566,7.0
PRI,Puerto Rico,2023,168900.0,,,19.0417136414882,56.1217587373168,,,9549.0,297.0,452.0,,,,,,,1.0
QAT,Qatar,2023,74000.0,,,6.44038294168842,0.0,35.11,12.49,2137.0,2.0,32.0,,,91.45250948863924,,118.11815262290092,144.19245576929865,
ROU,Romania,2023,12715000.0,,,55.2633866481224,30.1158292767733,1.04,19.73,18891.0,31.0,176.0,,,1920.7771228240788,774611.0,4.096548490469639,10.38461259189298,1.0
RUS,Russia,2023,215701000.0,,,13.171076035897,49.7843605035639,0.78,259.99,49961.0,1136.0,1203.0,,,29415.46254236412,117864681.0,5.316776244905635,29.55226865503209,5.0
RWA,Rwanda,2023,1883131.0,,,76.3328334008918,11.3092825293879,1.35,0.66,7347.0,32.0,149.0,3.1082908976223,43.7404997871952,,,2.00183835488924,1.5793414730305109,3.0
KNA,Saint Kitts and Nevis,2023,6000.0,,,23.0769230769231,42.3076923076923,19.89,0.08,6758.0,2.0,170.0,,,,,,,
LCA,Saint Lucia,2023,9940.0,,,16.2950819672131,34.0491803278688,27.59,0.23,6399.0,10.0,135.0,,,,,1.0873561105622314,15.510190014475103,1.0
VCT,Saint Vincent and the Grenadines,2023,7000.0,,,17.9487179487179,73.1794871794872,21.89,0.13,6748.0,8.0,132.0,,,,,4.200480844517728,12.3987877559668,1.0
WSM,Samoa,2023,48830.0,,,17.5647482014388,57.636690647482,5.95,0.15,1845.0,69.0,62.0,,,,,,5.750226748632098,1.0
SMR,San Marino,2023,2300.0,,,38.3333333333333,16.6666666666667,,,17842.0,0.0,213.0,,,,,,58.18064930890389,
STP,Sao Tome and Principe,2023,43000.0,,,44.7916666666667,52.125,0.44,0.04,4574.0,172.0,80.0,,,,,,4.124359584228685,
SAU,Saudi Arabia,2023,173637420.0,,,80.7732356758416,0.454484134921779,0.88,131.5,6252.0,78.0,110.0,,,,1734527.0,,,
SEN,Senegal,2023,9511000.0,,,49.4000934919233,41.2827091881785,0.15,3.35,4693.0,62.0,43.0,13.5187524169392,41.8215150524122,1770.5021883536756,,3.5734499969026494,3.117188150212581,2.0
SRB,Serbia,2023,3396000.0,,,40.3853014627185,32.3896349149721,0.8,7.66,17185.0,16.0,160.0,,,18037.675371928348,11348113.0,40.06017285758092,16.932650383101215,
SYC,Seychelles,2023,1550.0,,,3.3695652173913,73.2608695652174,19.48,0.18,4106.0,171.0,94.0,,,,64.51,,14.171113110128031,
SLE,Sierra Leone,2023,3949000.0,,,54.7104461069548,34.2988362427265,0.21,0.71,4524.0,17.0,19.0,31.5195188779858,9.17835516994873,,,,,1.0
SGP,Singapore,2023,660.0,,,0.919220055710306,20.933147632312,,6.29,8712.0,139.0,186.0,,,,359170.0,,,
SVK,Slovakia,2023,1825000.0,,,37.9575707154742,40.05615640599,1.35,7.44,26125.0,38.0,313.0,,,15022.323571947432,435871.0,2.5879212225716315,10.559230504020292,1.0
SVN,Slovenia,2023,611200.0,,,30.355856862599,61.1748938389332,2.98,5.25,29265.0,17.0,399.0,,,14572.372410527109,132589.0,1.6027264784825936,12.119299862270804,
SLB,Solomon Islands,2023,109200.0,,,3.90139335476956,90.0600214362272,0.39,0.2,6311.0,130.0,66.0,,,,,0.6473440957419736,2.605808404567036,1.0
SOM,Somalia,2023,44129200.0,,,70.3433544808238,9.16528517231485,0.66,0.12,4602.0,53.0,62.0,28.6474592641756,,,,,,4.0
ZAF,South Africa,2023,96341000.0,,,79.4178502831612,13.965072665672,3.39,49.43,32323.0,4641.0,2697.0,,,1207.533058218905,52076716.0,,,5.0
KOR,South Korea,2023,1568000.0,,,16.0655737704918,64.108606557377,13.49,105.82,14101.0,379.0,515.0,,,,,,,3.0
SSD,South Sudan,2023,28347232.0,,,44.8581857167724,11.3256215087114,,0.97,4643.0,0.0,18.0,2.35260501328174,,,,0.6498341009652111,5.572637331127575,3.0
ESP,Spain,2023,24772662.0,,,49.5753269878931,37.1925889548355,3.19,88.59,48625.0,2150.0,2085.0,,,2633.907445051897,3304798.0,2.7611814929944902,14.176082411815912,6.0
LKA,Sri Lanka,2023,3006900.0,,,48.6081474296799,34.0048496605238,0.7,10.45,7067.0,575.0,275.0,,,,,5.638311933906803,4.456159107822371,3.0
SDN,Sudan,2023,112665000.0,,,60.3131691648822,9.55196466809422,0.19,12.26,4027.0,20.0,37.0,,,,,0.0366965258958576,3.559563011898188,2.0
SUR,Suriname,2023,71432.0,,,0.445038088848248,94.44758351333,38.77,0.84,13996.0,73.0,196.0,,,,3.03,,18.44496636867799,
SWE,Sweden,2023,2982000.0,,,7.32192403074128,68.7013529108454,0.8,16.03,50874.0,829.0,1426.0,,,19612.82696140476,7948614.0,1.488557665004404,11.081026640242904,1.0
CHE,Switzerland,2023,1493222.8,,,37.7938948048868,32.3827380818297,3.63,15.02,41850.0,107.0,884.0,,,5389.36729582193,,0.4296733232490919,5.830148315787023,
SYR,Syria,2023,13606000.0,,,74.0946468441976,2.84310842454937,0.35,4.99,7326.0,55.0,177.0,,,765.2582417060006,46.0,,,2.0
TWN,Taiwan,2023,779000.0,,,,,13.54,,,,,,,,,,,
TJK,Tajikistan,2023,3878700.0,,,27.9465379350097,3.07514950644859,0.65,1.9,4336.0,47.0,60.0,,,,,1.1777591953549178,0.7851727969032785,1.0
TZA,Tanzania,2023,39521200.0,,,44.6163919620682,50.0541883043576,0.0,9.75,16752.0,633.0,587.0,1.77542381356954,15.9961076970352,,68.23,6.103519686569999,5.60341634422036,1.0
THA,Thailand,2023,22376000.0,,,43.7980778641195,38.6873886746658,0.15,70.65,19278.0,648.0,517.0,,,4167.62445741994,2259527.0,8.409040081286067,19.765345768082305,3.0
TGO,Togo,2023,3820000.0,,,70.2334988049274,22.0700496414782,0.51,1.3,7814.0,10.0,78.0,1.93266351992711,57.7402998412756,1697.7159225233315,1172.174194335938,,4.274195237035427,
TON,Tonga,2023,35000.0,,,48.6111111111111,12.4305555555556,0.65,0.15,2123.0,21.0,24.0,,,,,1.5930926648900077,7.758951312334667,1.0
TTO,Trinidad and Tobago,2023,54000.0,,,10.5263157894737,44.2358674463938,24.96,2.28,9029.0,254.0,175.0,,,3341.9779768149374,123914.1328125,7.165547066998275,29.9380651057512,1.0
TUN,Tunisia,2023,9700500.0,,,62.4388516992791,4.55278063851699,0.65,8.14,7950.0,62.0,133.0,,,166.2521030330792,150200.0,11.474248847610786,9.781613879994396,2.0
TUR,Turkey,2023,38588000.0,,,50.1383781817237,29.4795681041539,2.4,91.24,17868.0,281.0,387.0,,,,30658363.0,31.88550334528706,11.563602546011,1.0
TKM,Turkmenistan,2023,39578240.0,,,84.2215632115421,8.78215904496414,1.01,12.08,3581.0,9.0,47.0,,,,,0.5355391265546341,33.33601457970086,
TUV,Tuvalu,2023,1800.0,,,60.0,33.3333333333333,1.21,0.0,999.0,2.0,5.0,,,,,0.0820195024150186,8.776086758406999,1.0
UGA,Uganda,2023,14415000.0,,,71.8880909634949,11.0419703770197,1.05,3.87,8879.0,152.0,171.0,0.268583177262256,6.9849106842277,,,0.1733603566893567,3.034651902340276,1.0
UKR,Ukraine,2023,41311000.0,,,71.2996202968588,16.7552640662755,0.57,26.02,22152.0,154.0,309.0,,,,552977.0,15.392227092858349,13.1679096910592,2.0
ARE,United Arab Emirates,2023,391703.72,,,5.51539988735567,4.46775556181357,,37.29,2925.0,26.0,69.0,,,,416084.38,2256.6475641326856,72.35918401507163,
GBR,United Kingdom,2023,17009452.0,,,70.3073227793163,13.2907130161617,2.79,107.11,44450.0,691.0,1067.0,,,1748.981217259096,6194999.0,1.893389247230754,10.24522218443116,1.0
USA,United States,2023,421540380.0,4904120000.0,112059010.0,46.0829793974695,33.8669264120375,2.78,1718.46,102900.0,7812.0,6456.0,,,,,4.83892311196676,20.128553151188346,38.0
URY,Uruguay,2023,14238600.0,,,81.3541309564621,11.9643469317792,7.35,4.0,6548.0,33.0,89.0,,,,,5.484463093101274,13.037780446871649,3.0
UZB,Uzbekistan,2023,25582000.0,,,58.0551458073301,8.54914331101781,,16.93,4273.0,47.0,110.0,,,,93649.9,6.813081018062464,9.330140463264051,1.0
VUT,Vanuatu,2023,187000.0,,,15.3404429860541,36.2838392124692,0.11,0.17,6625.0,232.0,119.0,,,,,0.0054035652723667,2.3775687198413515,
VEN,Venezuela,2023,21500000.0,,,24.3750354288306,52.2338793719177,1.19,11.31,29394.0,771.0,797.0,,,19674.83734977798,,,16.629854419796935,1.0
VNM,Vietnam,2023,12291036.0,,,39.2147376279795,47.4454820708996,13.9,32.93,18087.0,411.0,450.0,,,,,0.1233881777932539,0.5549152799955289,2.0
ESH,Western Sahara,2023,5004000.0,,,,,,,,,,,,,,,,
YEM,Yemen,2023,23452000.0,,,44.4191904843078,1.03983180862549,1.04,2.75,4319.0,298.0,168.0,,,216.8764114587953,,0.1653956359959996,4.206348237781759,
ZMB,Zambia,2023,23839000.0,,,32.0679589448338,59.523784150984,1.09,2.58,10098.0,63.0,109.0,,,,80000.0,0.5849274267437745,119.85599770434976,2.0
ZWE,Zimbabwe,2023,16167122.0,,,41.791706346129,44.7366421093447,0.54,1.65,9760.0,43.0,106.0,16.5030102315878,,4757.708898733468,,0.1343425229213188,87.20022613639131,2.0
